name	donor	HV	LV	CDRH3	YGD	PDB	ref
013_10_2G01	PCWilson_donor_013	IGHV3-49	IGLV3-9	TRAEYGDYVGYFDY	yes	nan	Andrews et al. Sci Transl Med 7:316ra192 (2015)
014_10_1C04	PCWilson_donor_014	IGHV3-23	IGLV1-51	AKDNVSPVWYTVTTSGRDDAFDI	no	nan	Andrews et al. Sci Transl Med 7:316ra192 (2015)
019_10_4A03	PCWilson_donor_019	IGHV3-15	IGKV2-28	TTDYGDYLNGGR	yes	nan	Andrews et al. Sci Transl Med 7:316ra192 (2015)
039_10_5A01	PCWilson_donor_039	IGHV3-21	IGKV1-33	ARALTTMTTTDS	no	nan	Andrews et al. Sci Transl Med 7:316ra192 (2015)
051_10_2A05	PCWilson_donor_051	IGHV3-7	IGLV3-21	VRVGAYGDTYHDYYGMDV	yes	nan	Andrews et al. Sci Transl Med 7:316ra192 (2015)
SFV018_4F02	PCWilson_donor_SFV018	IGHV3-11	IGKV1-39	ARIADYGDHVPVFDY	yes	nan	Andrews et al. Sci Transl Med 7:316ra192 (2015); Guthmiller et al. Sci Transl Med 13:eabg4535 (2021)
SFV019_4E01	PCWilson_donor_SFV019	IGHV4-59	IGKV1-17	VRADGDSEGFGYHYGMDV	no	nan	Andrews et al. Sci Transl Med 7:316ra192 (2015)
FISW-a.01	Lanzavecchia_donor_FISW	IGHV2-70	IGLV3-21	ARQLHGDYVRGVFDI	no	nan	Cheung et al. Cell Rep 32:108088 (2020)
FISW-b.01	Lanzavecchia_donor_FISW	IGHV2-70	IGLV3-21	ARTLYGDYVSGSFDY	yes	nan	Cheung et al. Cell Rep 32:108088 (2020)
FISW-c.01	Lanzavecchia_donor_FISW	IGHV2-70	IGLV3-21	ARTLYGDYAGGNFDS	yes	nan	Cheung et al. Cell Rep 32:108088 (2020)
FISW-d.01	Lanzavecchia_donor_FISW	IGHV2-70	IGLV3-21	ARTYYGDYANWFDP	yes	nan	Cheung et al. Cell Rep 32:108088 (2020)
FISW-e.01	Lanzavecchia_donor_FISW	IGHV2-70	IGLV3-21	ARSLYGDTLFYFDS	yes	nan	Cheung et al. Cell Rep 32:108088 (2020)
FISW-e.02	Lanzavecchia_donor_FISW	IGHV2-70	IGLV3-21	ARTLYGDTLFYFDS	yes	nan	Cheung et al. Cell Rep 32:108088 (2020)
FISW-e.03	Lanzavecchia_donor_FISW	IGHV2-70	IGLV3-21	ARTLYGDTLYYFDS	yes	nan	Cheung et al. Cell Rep 32:108088 (2020)
FISW-e.04	Lanzavecchia_donor_FISW	IGHV2-70	IGLV3-21	ARSLYGDTLLFFDS	yes	nan	Cheung et al. Cell Rep 32:108088 (2020)
FISW-f.01	Lanzavecchia_donor_FISW	IGHV2-70	IGLV3-21	ARMLYGDFGRYFDP	yes	nan	Cheung et al. Cell Rep 32:108088 (2020)
FISW-g.01	Lanzavecchia_donor_FISW	IGHV2-70	IGLV1-36	ARTLYGDFANYFDP	yes	nan	Cheung et al. Cell Rep 32:108088 (2020)
FISW-i.01	Lanzavecchia_donor_FISW	IGHV2-70	IGLV3-9	ARMDYGDFTNYFEY	yes	nan	Cheung et al. Cell Rep 32:108088 (2020)
FISW-j.01	Lanzavecchia_donor_FISW	IGHV2-70	IGLV3-9	ARFLYGDFSQYFDY	yes	nan	Cheung et al. Cell Rep 32:108088 (2020)
FISW-k.01	Lanzavecchia_donor_FISW	IGHV2-70	IGLV3-9	ARKLYGDYSDWFDY	yes	nan	Cheung et al. Cell Rep 32:108088 (2020)
FISW-l.01	Lanzavecchia_donor_FISW	IGHV2-70	IGLV3-9	ARSYYGDYSNWVDP	yes	nan	Cheung et al. Cell Rep 32:108088 (2020)
FISW-l.02	Lanzavecchia_donor_FISW	IGHV2-70	IGLV3-9	ARSFYGDFTNWFDP	yes	nan	Cheung et al. Cell Rep 32:108088 (2020)
FISW-m.01	Lanzavecchia_donor_FISW	IGHV2-70	IGLV3-9	ARHFYGDFGGWFDP	yes	nan	Cheung et al. Cell Rep 32:108088 (2020)
FISW-n.01	Lanzavecchia_donor_FISW	IGHV2-70	IGLV3-21	VRTLYGDYVSGVSDY	yes	nan	Cheung et al. Cell Rep 32:108088 (2020)
FISW-n.02	Lanzavecchia_donor_FISW	IGHV2-70	IGLV3-21	ARTLYGDYVGGVSDF	yes	nan	Cheung et al. Cell Rep 32:108088 (2020)
FISW-o.02	Lanzavecchia_donor_FISW	IGHV2-70	IGLV3-21	ARLPYGDFGRMFDY	yes	nan	Cheung et al. Cell Rep 32:108088 (2020)
FX-a.01	Lanzavecchia_donor_FX	IGHV2-70	IGLV3-21	ARALYGDYVGYFDP	yes	nan	Cheung et al. Cell Rep 32:108088 (2020)
LPAF-a.01	Lanzavecchia_donor_LPAF	IGHV2-70	IGLV3-9	ARMLYGDLGGRFDP	yes	6URM	Cheung et al. Cell Rep 32:108088 (2020)
LPAF-a.02	Lanzavecchia_donor_LPAF	IGHV2-70	IGLV3-9	ARMLYGDFGGYLDP	yes	nan	Cheung et al. Cell Rep 32:108088 (2020)
LPAF-a.03	Lanzavecchia_donor_LPAF	IGHV2-70	IGLV3-9	ARILYGDFVGYLDP	yes	nan	Cheung et al. Cell Rep 32:108088 (2020)
LPAF-a.04	Lanzavecchia_donor_LPAF	IGHV2-70	IGLV3-9	ARMLYGDLGGRFDP	yes	nan	Cheung et al. Cell Rep 32:108088 (2020)
LPAF-a.05	Lanzavecchia_donor_LPAF	IGHV2-70	IGLV3-9	ARMLYGDFAGYLDP	yes	nan	Cheung et al. Cell Rep 32:108088 (2020)
LPAF-a.06	Lanzavecchia_donor_LPAF	IGHV2-70	IGLV3-9	ARMLYGDIGGWLDP	yes	nan	Cheung et al. Cell Rep 32:108088 (2020)
220-14-IgA_1A05	PCWilson_donor_220	IGHV3-30	IGLV1-44	AKTTVTTDFYYYYGMDV	no	nan	Dugan et al. Sci Transl Med 12:eabd3601 (2020)
236-14-IgG_1D06	PCWilson_donor_236	IGHV2-70	IGLV3-9	ARMLYGDSVNCLDP	yes	nan	Dugan et al. Sci Transl Med 12:eabd3601 (2020)
13001-07_4B03	PCWilson_H7N9_vaccinees	IGHV1-46	IGLV1-40	ARDQRYPQGPFDYGEFYGDWFDP	yes	nan	Dunand et al. Cell Host Microbe 19:800-813 (2016)
13001-07_4E02	PCWilson_H7N9_vaccinees	IGHV1-46	IGLV1-40	ARDQRYPQGPFDYGEFYGDWFDP	yes	nan	Dunand et al. Cell Host Microbe 19:800-813 (2016)
SFV009_3F05	PCWilson_donor_SFV009	IGHV3-7	IGKV1-5	ARAGSYGDYRPINNWFDP	yes	nan	Guthmiller et al. Sci Transl Med 13:eabg4535 (2021); Li  et al. PNAS 109:9047-9052 (2012)
SFV015_1D05	PCWilson_donor_SFV015	IGHV1-2	IGKV1-33	ARDIDSADYRAADVFQI	no	nan	Guthmiller et al. Sci Transl Med 13:eabg4535 (2021)
SFV015_2A06	PCWilson_donor_SFV015	IGHV1-2	IGKV1-33	ARDFDYGDYRGSAFDI	yes	nan	Guthmiller et al. Sci Transl Med 13:eabg4535 (2021)
SFV015_2B04	PCWilson_donor_SFV015	IGHV1-2	IGKV1-33	ARDIDTGDYRGADVLQM	no	nan	Guthmiller et al. Sci Transl Med 13:eabg4535 (2021)
SFV015_2C06	PCWilson_donor_SFV015	IGHV1-2	IGKV1-33	ARDIDSGDYRAADVFQI	no	nan	Guthmiller et al. Sci Transl Med 13:eabg4535 (2021)
SFV015_2D02	PCWilson_donor_SFV015	IGHV1-2	IGKV1-33	ARDIDSGDYRAADVFQI	no	nan	Guthmiller et al. Sci Transl Med 13:eabg4535 (2021)
SFV015_2E01	PCWilson_donor_SFV015	IGHV1-2	IGKV1-33	ARDIDSGDYRAADVFQI	no	nan	Guthmiller et al. Sci Transl Med 13:eabg4535 (2021); Li  et al. PNAS 109:9047-9052 (2012)
SFV015_2F02	PCWilson_donor_SFV015	IGHV1-2	IGKV1-33	ARDIDFGDYRAADVFHI	similar	nan	Guthmiller et al. Sci Transl Med 13:eabg4535 (2021)
SFV015_2F04	PCWilson_donor_SFV015	IGHV1-2	IGKV1-33	ARDFDYGDYRGSAFDI	yes	nan	Guthmiller et al. Sci Transl Med 13:eabg4535 (2021)
SFV015_2G04	PCWilson_donor_SFV015	IGHV1-2	IGKV1-33	ARDFDYGDYRGSAFDI	yes	nan	Guthmiller et al. Sci Transl Med 13:eabg4535 (2021)
SFV015_3D05	PCWilson_donor_SFV015	IGHV1-2	IGKV1-33	ARDIDHGDYRAADVFHI	no	nan	Guthmiller et al. Sci Transl Med 13:eabg4535 (2021)
SFV015_3F01	PCWilson_donor_SFV015	IGHV1-2	IGKV1-33	ARDIDSGDYRAADVFHM	no	nan	Guthmiller et al. Sci Transl Med 13:eabg4535 (2021)
SFV015_3F04	PCWilson_donor_SFV015	IGHV1-2	IGKV1-33	ARDIDFGDYRAADVFHI	similar	nan	Guthmiller et al. Sci Transl Med 13:eabg4535 (2021)
SFV019_1B04	PCWilson_donor_SFV019	IGHV3-74	IGKV1-33	ARDHDYGDYRGNAFDM	yes	nan	Guthmiller et al. Sci Transl Med 13:eabg4535 (2021)
SFV019_1C05	PCWilson_donor_SFV019	IGHV3-74	IGKV1-33	ARDYDYGDYRGNAFDL	yes	nan	Guthmiller et al. Sci Transl Med 13:eabg4535 (2021)
SFV019_4D05	PCWilson_donor_SFV019	IGHV3-74	IGKV1-33	ARDHDYGDYRGNAFDL	yes	nan	Guthmiller et al. Sci Transl Med 13:eabg4535 (2021)
150055-029_2B03	PCWilson_donor_150055-029	IGHV4-31	IGLV3-9	ARVGHGDYVGYLDY	no	nan	Henry et al. J Virol 93:e01150-19 (2019)
150055-029_3E03	PCWilson_donor_150055-029	IGHV3-23	IGKV1-33	AKGGYGDNGLDVFDI	yes	nan	Henry et al. J Virol 93:e01150-19 (2019)
150055-032_2D05	PCWilson_donor_150055-032	IGHV1-69	IGKV2-28	ARGGAAHGDSPEYYYAMDV	no	nan	Henry et al. J Virol 93:e01150-19 (2019)
100F4	Hu_H5N1_infected	IGHV4-61	IGLV1-40	ARALLTTVTTFEY	no	nan	Hu et al. J Virol 86:2978-2989 (2012)
mbc_T1-1A	Donor_H	IGHV1-18	IGKV3-11	AREDWSYGDSYYNGMDV	yes	nan	Huang et al. J Clin Invest 125:2631-2645 (2015)
mbc_T1-3A	Donor_H	IGHV1-18	IGKV3-11	AREDWSYGDSYYNGMDV	yes	nan	Huang et al. J Clin Invest 125:2631-2645 (2015)
T2-11C	Donor_H	IGHV1-18	IGKV3-11	AREDWSYGDSYYNGMDV	yes	nan	Huang et al. J Clin Invest 125:2631-2645 (2015)
T3-7D	Donor_H	IGHV1-18	IGKV3-11	AREDWSYGDSYYNGMDV	yes	nan	Huang et al. J Clin Invest 125:2631-2645 (2015)
2K11	Crowe_donor_47	IGHV3-7	IGLV1-40	ARQGSYADTYFYHYGMDV	similar	nan	Krause et al. J Immunol 187:3704-3711 (2011)
416-A	Lanzavecchia_donor_FISW	IGHV2-70	IGLV3-21	ARLPYGDFGRMFDY	yes	nan	Lee et al. Cell Host Microbe 25:367-376.e5 (2019)
4548-A	Lanzavecchia_donor_FISW	IGHV2-70	IGLV3-21	ARQLHGDYVRGVFDI	no	nan	Lee et al. Cell Host Microbe 25:367-376.e5 (2019)
4548-B	Lanzavecchia_donor_FISW	IGHV2-70	IGLV3-21	ARTLYGDYAGGNFDS	yes	nan	Lee et al. Cell Host Microbe 25:367-376.e5 (2019)
SFV019_2A02	PCWilson_donor_SFV019	IGHV1-18	IGKV1-33	ARRGDYGDYRGDAFDI	yes	nan	Li  et al. PNAS 109:9047-9052 (2012); Guthmiller et al. Sci Transl Med 13:eabg4535 (2021)
SFV019_2A06	PCWilson_donor_SFV019	IGHV3-74	IGKV1-33	VRDNDYGDYRGNAFDI	yes	nan	Li  et al. PNAS 109:9047-9052 (2012); Guthmiller et al. Sci Transl Med 13:eabg4535 (2021)
SFV019_4G05	PCWilson_donor_SFV019	IGHV3-74	IGKV1-33	ARDHDYGDYRGNAYDI	yes	nan	Li  et al. PNAS 109:9047-9052 (2012); Guthmiller et al. Sci Transl Med 13:eabg4535 (2021)
K77-2D09	Melbourne_donor_K77	IGHV4-4	IGKV1-9	AKSCKPGSCYYGDYLNFDS	yes	nan	Liu et al. Nat Commun 10:324 (2019)
K77-2H12	Melbourne_donor_K77	IGHV3-7	IGLV2-11	ARDFSDFGDLYFDY	similar	nan	Liu et al. Nat Commun 10:324 (2019)
W85-1A07	Melbourne_donor_W85	IGHV3-48	IGLV2-14	ARAHMIYGDHVHLNAFDI	yes	nan	Liu et al. Nat Commun 10:324 (2019)
W85-2E07	Melbourne_donor_W85	IGHV3-48	nan	ARSAVVYGDNPVVWLDP	yes	nan	Liu et al. Nat Commun 10:324 (2019)
W85-3E10	Melbourne_donor_W85	IGHV3-48	IGKV3-15	ARSGVVYGDSPAVFFDP	yes	nan	Liu et al. Nat Commun 10:324 (2019)
1000-3E01	PCWilson_donor_1000	IGHV4-31	IGKV4-1	ARDQNDYGEDPLDV	similar	nan	Wrammert et al. J Exp Med 208:181-193 (2011)
1009-3E04	PCWilson_donor_1000	IGHV4-31	IGKV1-27	ARDRHDYGEDPFDI	similar	nan	Wrammert et al. J Exp Med 208:181-193 (2011)
FluA-151	Crowe_donor_269	IGHV3-30	IGKV1-39	AKFIPDPNYGEFYFHH	similar	nan	Zost et al. J Clin Invest 131:e146791 (2021)
FluA-151_Sib4	Crowe_donor_269	IGHV3-30	IGKV1-39	AKFIPDPNYGEYYFHH	similar	nan	Zost et al. J Clin Invest 131:e146791 (2021)
FluA-151_Sib5	Crowe_donor_269	IGHV3-30	IGKV1-39	AKFTPDPGYGEYYFHH	similar	nan	Zost et al. J Clin Invest 131:e146791 (2021)
FluA-151_Sib7_IgA	Crowe_donor_269	IGHV3-30	IGKV1-39	AKFIPDPNYGEFYFHH	similar	nan	Zost et al. J Clin Invest 131:e146791 (2021)
FluA-151_UCA	Crowe_donor_269	IGHV3-30	IGKV1-39	AKFIPDPNYGEYYFHH	similar	nan	Zost et al. J Clin Invest 131:e146791 (2021)
