cluster_ID	cluster_size	num_donors	epitope	top_HV	top_LV	top_HV_freq	top_LV_freq	CDRH3_consen	donors	ab_names
1	92	2	HA:Head	IGHV3-7	IGLV1-40	1.0	0.9565217391304348	ARQGSFADTYFYYYAMDV	Crowe_donor_47,Donor_H	2K11,4A10,4K8,6D9,T1-10D,T1-11A,T1-11C,T1-11D,T1-12A,T1-12C,T1-1A,T1-1C,T1-2B,T1-2C,T1-3C,T1-4B,T1-5B,T1-5C,T1-6D,T1-7A,T1-7B,T1-7C,T1-8A,T1-9A,T1-9C,T2-10A,T2-10C,T2-10D,T2-11D,T2-1C,T2-2A,T2-2C,T2-5B,T2-6A,T2-6D,T2-7D,T2-8D,T2-9A,T3-10D,T3-11B,T3-11D,T3-12C,T3-1D,T3-2B,T3-2D,T3-3A,T3-3B,T3-3D,T3-4D,T3-5B,T3-6C,T3-6D,T3-7B,T3-8A,T3-8C,T3-9B,T3-9C,T3-9D,mbc_T1-10B,mbc_T1-10C,mbc_T1-10D,mbc_T1-12D,mbc_T1-1D,mbc_T1-5C,mbc_T1-5D,mbc_T1-7B,mbc_T1-7C,mbc_T1-8A,mbc_T1-8C,mbc_T1-9A,mbc_T1-9C,mbc_T2-10A,mbc_T2-11A,mbc_T2-11C,mbc_T2-2A,mbc_T2-2B,mbc_T2-2D,mbc_T2-3B,mbc_T2-5B,mbc_T2-5C,mbc_T2-6B,mbc_T2-7A,mbc_T2-8A,mbc_T2-9B,mbc_T3-11A,mbc_T3-12C,mbc_T3-2B,mbc_T3-3C,mbc_T3-4A,mbc_T3-5D,mbc_T3-7A,mbc_T3-7B
2	49	2	HA:Stem	IGHV6-1	nan	1.0	0.9591836734693877	ARAGITIFGVIVGGLDV	VRC_315-53,VRC_315-54	20A-678-41_1C12,20A-678-41_1F06,20A-678-41_2A12,20A-678-41_2C06,20A-678-41_2C08,20A-678-41_2D11,315-53-04_1A10,315-53-04_1B09,315-53-04_1C05,315-53-04_1C06,315-53-04_1D03,315-53-04_1E03,315-53-04_1E09,315-53-04_1F09,315-53-05M_1A07,315-53-05M_1D09,315-53-05M_1D12,315-53-05M_1E02,315-53-05M_1F04,315-53-05M_1G04,315-53-05M_1G11,315-53-06_1A04,315-53-06_1A05,315-53-06_1A06,315-53-06_1B10,315-53-06_1C05,315-53-06_1D02,315-53-06_1D11,315-53-06_1D12,315-53-06_1E07,315-53-06_1E11,315-53-06_1F10,315-53-06_1G02,315-53-06_1G04,315-53-08_1A04,315-53-08_1A09,315-53-08_1B04,315-53-08_1B07,315-53-08_1B10,315-53-08_1B12,315-53-08_1C04,315-53-08_1C08,315-53-08_1C10,315-53-08_1E04,315-53-08_1G02,315-53-08_1G05,315-53-1B06,315-53-1F12,315-54-05M_1H01
3	31	2	HA:Stem	IGHV6-1	IGKV3-20	1.0	0.8387096774193549	ARGSAMIFGIVIVLDS	VRC_310_cohort_donor_31,VRC_310_cohort_donor_56	31.g.01_Heavy,56.ND.01_Heavy,56.ND.02_Heavy,56.ND.03_Heavy,56.ND.04_Heavy,56.ND.05_Heavy,56.a.01_Heavy,56.a.02_Heavy,56.a.03_Heavy,56.a.04_Heavy,56.a.05_Heavy,56.a.06_Heavy,56.a.07_Heavy,56.a.08_Heavy,56.a.09_Heavy,56.a.10_Heavy,56.a.11_Heavy,56.a.12_Heavy,56.a.13_Heavy,56.a.14_Heavy,56.a.15_Heavy,56.a.16_Heavy,56.a.17_Heavy,56.a.18_Heavy,56.a.19_Heavy,56.a.20_Heavy,56.a.21_Heavy,56.a.22_Heavy,56.a.23_Heavy,56.a.24_Heavy,56.a.25_Heavy
4	28	2	HA:Stem	IGHV1-18	nan	1.0	0.8928571428571429	ARGLLQGVVILDSYYYAMDV	VRC_310_cohort_donor_36,VRC_315-09	315-09-04_1A09,315-09-05M_1A09,315-09-05M_1E01,315-09-06_1C08,315-09-06_1F01,315-09-06_4B05,315-09-06_4B06,315-09-06_4C07,315-09-06_5A03,315-09-06_5A07,315-09-06_5B03,315-09-06_5B05,315-09-06_5C03,315-09-06_5C07,315-09-06_5C10,315-09-06_5D12,315-09-06_5E07,315-09-06_5E09,315-09-06_5F04,315-09-06_5F09,315-09-06_5F10,315-09-06_5G08,315-09-06_5H05,315-09-08_1B03,315-09-08_1C10,315-09-1B12-UCA,36.g.01_Heavy,36.g.02_Heavy
5	20	2	unknown	IGHV4-30-2/4-30-4	nan	1.0	0.9	GRIPRDIVLVPGGSRWAATIDD	VRC_310_cohort_donor_36,VRC_315-09	315-09-04_1B04,315-09-05M_1H03,315-09-06_4A02,315-09-06_5A02,315-09-06_5D01,315-09-06_5E11,315-09-06_5F02,315-09-06_5F11,315-09-06_5G05,36.ND.01_Heavy,36.ND.02_Heavy,36.a.01_Heavy,36.a.02_Heavy,36.b.01_Heavy,36.c.01_Heavy,36.d.01_Heavy,36.d.02_Heavy,36.d.03_Heavy,36.e.01_Heavy,36.f.02_Heavy
6	18	4	unknown	IGHV3-33	nan	1.0	nan	ARHIAGAGSYYYYGMDV	VRC_315-05,VRC_315-06,VRC_315-21,VRC_315-24	20A-609-30_1A03,20A-609-30_2B08,20A-609-30_2D09,20A-618-30_1D06,20A-618-30_1F12,20A-620-30_2E02,20A-623-30_1D12,20A-623-30_1F09,20A-623-30_1G06,20A-623-30_1G11,315-06-08_1G01,315-21-08_1C02,315-21-08_1E12,315-24-08_1B08,315-24-08_1C12,315-24-08_1D06,315-24-08_1G09,315-24-08_1H06
7	17	2	HA:Head	IGHV3-30	IGLV2-23	0.8823529411764706	0.7058823529411765	ARVFDSYYFDY	Melbourne_donor_K77,Melbourne_donor_R95	K77-1A02,K77-1A06,K77-1F01,K77-1F02,K77-1F05,K77-1F08,K77-1H05,K77-2B04,K77-2C08,K77-2E08,K77-2G07,K77-2H10,R95-1A06,R95-1C10,R95-1G11,R95-1H08,R95-2H01
8	16	3	HA:Stem	IGHV1-69	nan	0.9375	nan	ARCGSGSSYYGMDV	Adachi_donors,VRC_315-21,VRC_315-24	20A-620-30_1A11,20A-620-30_1F10,20A-620-30_2D06,315-21-04_1E09,315-21-04_1E10,315-21-05M_1A05,315-21-05M_1D03,315-21-05M_1D09,315-21-05M_1D10,315-21-05M_1F06,315-21-06_1B04,315-21-06_1C03,315-21-06_1G07,315-21-08_1D09,315-24-04_1E11,HMLAH15
9	16	2	HA:Head	IGHV4-39	IGKV2-28	1.0	0.875	ARRTSSGSYYEYFHH	Melbourne_donor_R95,Melbourne_donor_W85	R95-2H12,W85-1A08,W85-1D02,W85-1F03,W85-1G11,W85-1H10,W85-2A05,W85-2D12,W85-2E05,W85-2E10,W85-2G03,W85-2H01,W85-3A12,W85-3C10,W85-3G02,W85-3G03
10	12	4	unknown	IGHV3-30	nan	0.75	nan	AKELLSDSSGYYYLDY	VRC_315-06,VRC_315-21,VRC_315-24,VRC_315-54	315-06-05M_1F03,315-06-08_1C12,315-21-05M_1H01,315-21-06_1E02,315-24-06_1C01,315-24-06_1G03,315-54-04_1B03,315-54-04_1F03,315-54-04_1G08,315-54-05M_1C03,315_21Mem_1B01,315_21Mem_1B08
11	11	2	unknown	IGHV3-43D	IGLV2-23	1.0	0.8181818181818182	AKDVGGGNYDYYYYMDG	Melbourne_donor_R95,PCWilson_donor_AG11	AG11-2A01,R95-1A10,R95-1F01,R95-2A02,R95-2B03,R95-2B12,R95-2C05,R95-2C06,R95-2E03,R95-2F04,R95-2H03
12	11	3	unknown	IGHV1-69	nan	1.0	nan	ARSSGSYSPIDY	VRC_315-06,VRC_315-21,VRC_315-24	20A-609-30_1F11,20A-609-30_2D12,20A-609-30_2E04,20A-623-30_1C10,20A-623-30_1H01,315-06-04_1B12,315-06-04_1D02,315-06-05M_1G03,315-06-05M_1H05,315-06-06_1E10,315-21-08_1G05
13	10	3	unknown	IGHV5-10-1	nan	1.0	nan	ARTYYDVLTGYLYYFDY	VRC_315-02,VRC_315-05,VRC_315-06	20A-609-30_1E06,20A-609-30_1F04,20A-609-30_1G11,20A-609-30_2B10,20A-618-30_2C09,20A-618-30_2G12,315-06-04_1B03,315-06-05M_1A09,315-06-08_1A12,315B_02Mem_1A06
14	10	3	HA:Stem	IGHV1-69	Diverse	1.0	0.5	ARGPTYYNSYMDV	Canada_patients,Crucell_donors,Donor_H	CR6262,CR6332,CR6334,T1-3B,T2-5A,T2-5C,T3-1B,V3-3D2,mbc_T2-4C,mbc_T3-8A
15	9	2	unknown	IGHV4-39	nan	1.0	nan	ARRLGPFDI	VRC_315-05,VRC_315-06	20A-618-30_1A01,20A-618-30_1A04,20A-618-30_1B07,20A-618-30_2F05,315-05-08_1E07,315-06-06_1C04,315-06-06_1E06,315-06-06_1F05,315-06-08_1F01
16	9	2	HA:Head	IGHV3-74	IGKV1-33	0.5555555555555556	1.0	ARDFDYGDYRGNAFDI	PCWilson_donor_SFV015,PCWilson_donor_SFV019	SFV015_2A06,SFV015_2F04,SFV015_2G04,SFV019_1B04,SFV019_1C05,SFV019_2A02,SFV019_2A06,SFV019_4D05,SFV019_4G05
17	7	2	unknown	IGHV4-4	nan	0.5714285714285714	nan	ARGATYYYDSSGYYTRAFDY	VRC_315-02,VRC_315-21	315-02-06_6B08,315-02-06_6D03,315-02-06_6E06,315-21-05M_1A06,315-21-05M_1G07,315_21Mem_1B06,315_21Mem_1C09
18	7	2	unknown	IGHV1-69	Diverse	1.0	0.2857142857142857	ASDSSSRYYDILTGPFHY	Melbourne_donor_K77,Melbourne_donor_R95	K77-1H04,R95-2B10,R95-2B11,R95-2C03,R95-2D06,R95-2E05,R95-2F05
19	6	2	unknown	IGHV4-39	nan	1.0	nan	ARSHNSGWYGYDYYYYGMDV	VRC_315-24,VRC_315-54	20A-623-30_1G08,315-24-04_1B11,315-24-06_1E04,315-24-06_1E10,315-24-06_1H01,315-54-08_1H01
20	6	3	unknown	IGHV3-9	nan	1.0	nan	AKDGGNWFDP	VRC_315-05,VRC_315-09,VRC_315-53	20A-618-30_1E05,20A-618-30_1F01,20A-618-30_2G02,20A-678-41_1G05,315-05-04_1B12,315-09-08_1D05
21	6	2	unknown	IGHV4-30-2/4-30-4	nan	1.0	nan	ARFSGSYFDY	VRC_315-09,VRC_315-54	315-09-04_1B11,315-09-05M_1B10,315-09-06_1E12,315-09-08_1A06,315-09-08_1E07,315-54-06_4F10
22	6	2	unknown	IGHV1-18	nan	1.0	nan	ARGPPLYSSSWPIDY	VRC_315-02,VRC_315-54	315-02-06_6F12,315-54-05M_1A05,315-54-06_4A11,315-54-06_4A12,315-54-06_4F06,315-54-06_4H04
23	5	2	unknown	Diverse	nan	0.4	nan	ASGLAGDRHYYYYGLDV	VRC_315-06,VRC_315-54	20A-604-30_1C06,315-06-06_1A03,315-06-06_1A07,315-06-06_1B02,315-06-06_4B01
24	5	2	HA:Head	IGHV2-70	IGLV3-9	1.0	0.8	ARMLYGDFGGYLDP	Lanzavecchia_donor_FISW,Lanzavecchia_donor_LPAF	FISW-f.01,LPAF-a.02,LPAF-a.03,LPAF-a.05,LPAF-a.06
25	5	4	unknown	Diverse	nan	0.4	nan	AREGLLYYFDY	VRC_315-05,VRC_315-21,VRC_315-53,VRC_315-54	20A-678-41_1C04,315-05-08_1E08,315-21-05M_1H04,315-21-06_1G04,315-54-05M_1A09
26	4	2	unknown	IGHV3-20	nan	1.0	nan	ARESIGWYYFDY	VRC_315-24,VRC_315-54	315-24-06_1A01,315-24-06_1C06,315-24-06_1G02,315-54-08_1C03
27	4	2	unknown	Diverse	nan	0.5	nan	ARVTSGSDYYYYGMDV	VRC_315-05,VRC_315-06	20A-618-30_2A03,20A-618-30_2E01,315-05-08_1D09,315-06-08_1E09
28	4	2	HA:Head	IGHV4-59	Diverse	1.0	0.5	ASARRYCSSTSCYGLEYYFGMDV	Melbourne_donor_K77,Melbourne_donor_R95	K77-1H06,K77-1H07,K77-2E02,R95-2F01
29	4	2	unknown	IGHV1-69	nan	1.0	nan	ARVGYCGGDCYSLYYYYYALDV	VRC_315-09,VRC_315-54	315-09-04_1B10,315-54-05M_1B11,315-54-06_1E11,315-54-06_1G10
30	3	2	unknown	IGHV1-69	nan	1.0	nan	ARQLIGDRHFYYYGMDV	VRC_315-05,VRC_315-09	20A-518-30_1F04,20A-618-30_2H03,315-09-08_1E10
31	3	2	unknown	IGHV1-2	IGKV2-28	1.0	1.0	ATWYISGWYDGMDV	PCWilson_donor_AG13,PCWilson_donor_AG5	AG13-3F04,AG13-3G03,AG5-E04
32	3	2	unknown	IGHV1-69	nan	1.0	nan	ARASGGRSPLDY	VRC_315-06,VRC_315-21	20A-609-30_1E03,20A-620-30_1H05,315-06-06_1C05
33	3	2	unknown	IGHV4-34	nan	1.0	nan	ARGPSSWYLDY	VRC_315-02,VRC_315-06	315-02-06_6B02,315-06-06_1F12,315B_02Mem_1E12
34	3	2	unknown	IGHV3-48	nan	0.6666666666666666	nan	ARDKWLRLEGFDY	VRC_315-06,VRC_315-54	315-06-04_1B07,315-54-04_1C04,315-54-08_1B12
35	3	2	unknown	IGHV3-30	nan	1.0	nan	AKVERQWLASYYFDY	VRC_315-06,VRC_315-21	315-06-06_5H03,315-21-06_1A08,315-21-06_1E09
36	3	2	HA:Head	IGHV1-46	IGLV3-21	1.0	0.6666666666666666	ARTLSCGGDCYYFDY	Melbourne_donor_R95,Melbourne_donor_W85	R95-1B05,R95-1D10,W85-1D10
37	3	3	unknown	Diverse	nan	0.3333333333333333	nan	ASSGYDDYYYYGMDV	VRC_315-05,VRC_315-06,VRC_315-21	20A-609-30_1F07,315-05-06_1E08,315-21-08_1H04
38	2	2	unknown	Diverse	nan	0.5	nan	AREYYDVMTGYPIYFDF	VRC_315-05,VRC_315-06	20A-618-30_2B12,315-06-08_1F12
39	2	2	unknown	Diverse	Diverse	0.5	0.5	ARSGNYYGSGSGGWFDP	VRC_310_cohort,VRC_315-53	310-18B4,315-53-06_1F06
40	2	2	unknown	Diverse	nan	0.5	nan	ARDEDSYGRLGY	Melbourne_donor_K77,Melbourne_donor_R95	K77-2F10,R95-2F03
41	2	2	unknown	Diverse	nan	0.5	nan	AKEGPYYHMDV	VRC_315-02,VRC_315-06	315-02-06_6C09,315-06-05M_1C12
42	2	2	HA:Stem	IGHV1-69	Diverse	1.0	0.5	ARGLYYYESSFDY	Crucell_donors,Marasco_donors	CR6331,D8
43	2	2	unknown	IGHV3-9	nan	1.0	nan	VRDQGNWFDP	VRC_315-05,VRC_315-54	20A-618-30_2A09,315-54-06_5C04
44	2	2	HA:Stem	IGHV1-69	IGKV1-5	1.0	1.0	ARVCSFYGSGSYYNVFCY	Canada_patients,PCWilson_donor_AG7	AG7-3C01,V3-2C3
45	2	2	unknown	IGHV4-39	Diverse	1.0	0.5	ARLRDGYKYYYGMDV	PCWilson_donor_AG3,PCWilson_donor_C1	AG3-D06,C1-2B06
46	2	2	unknown	Diverse	Diverse	0.5	0.5	ARLVSCGGDCYYFDS	Melbourne_donor_R95,PCWilson_donor_024	024-10128_3E01,R95-1A08
47	2	2	unknown	IGHV3-30	nan	1.0	nan	AKEYFHESSGYYYFDY	VRC_315-09,VRC_315-54	315-09-08_1D02,315-54-05M_1D02
48	2	2	HA:Stem	IGHV1-69	IGKV3-20	1.0	1.0	ARDGSGSYLPLNWLDP	PCWilson_donor_018,VRC_310_cohort	018_10_4D03,310-18C12
49	2	2	HA:Head	IGHV1-18	IGKV1-39	1.0	1.0	ARDHYYGSGTYTPDNLYNYYYYMDV	Melbourne_donor_K77,PCWilson_donor_028	028-10134_4B04,K77-2D11
